test_id,test_category,invoice_no,invoice_date,direction,invoice_type,counterparty_gstin,counterparty_name,place_of_supply,hsn_code,item_desc,taxable_value_inr,cgst_rate,sgst_rate,igst_rate,total_tax_inr,total_amt,eway_bill_status,gstr2b_reflected,test_notes
TEST-001,CLEAN_AR,INV-2026-CLEAN-AR-01,2026-03-02,AR,B2B,27AAACB3815A1Z8,Compliant Client 1 Pvt Ltd,Maharashtra,8409,Engine components supply per PO,50000.0,9.0,9.0,0.0,9000.0,59000.0,,True,Fully compliant AR sales transaction
TEST-002,CLEAN_AR,INV-2026-CLEAN-AR-02,2026-03-03,AR,B2B,07AAACB9127A1ZF,Compliant Client 2 Pvt Ltd,Delhi,8409,Engine components supply per PO,55000.0,0.0,0.0,18.0,9900.0,64900.0,GENERATED,True,Fully compliant AR sales transaction
TEST-003,CLEAN_AR,INV-2026-CLEAN-AR-03,2026-03-04,AR,B2B,27AAACB3024A1ZP,Compliant Client 3 Pvt Ltd,Maharashtra,8409,Engine components supply per PO,60000.0,9.0,9.0,0.0,10800.0,70800.0,GENERATED,True,Fully compliant AR sales transaction
TEST-004,CLEAN_AR,INV-2026-CLEAN-AR-04,2026-03-05,AR,B2B,07AAACB7381A1ZJ,Compliant Client 4 Pvt Ltd,Delhi,8409,Engine components supply per PO,65000.0,0.0,0.0,18.0,11700.0,76700.0,GENERATED,True,Fully compliant AR sales transaction
TEST-005,CLEAN_AR,INV-2026-CLEAN-AR-05,2026-03-06,AR,B2B,27AAACB8903A1Z6,Compliant Client 5 Pvt Ltd,Maharashtra,8409,Engine components supply per PO,70000.0,9.0,9.0,0.0,12600.0,82600.0,GENERATED,True,Fully compliant AR sales transaction
TEST-006,CLEAN_AR,INV-2026-CLEAN-AR-06,2026-03-07,AR,B2B,07AAACB9533A1ZE,Compliant Client 6 Pvt Ltd,Delhi,8409,Engine components supply per PO,75000.0,0.0,0.0,18.0,13500.0,88500.0,GENERATED,True,Fully compliant AR sales transaction
TEST-007,CLEAN_AR,INV-2026-CLEAN-AR-07,2026-03-08,AR,B2B,27AAACB6450A1ZJ,Compliant Client 7 Pvt Ltd,Maharashtra,8409,Engine components supply per PO,80000.0,9.0,9.0,0.0,14400.0,94400.0,GENERATED,True,Fully compliant AR sales transaction
TEST-008,CLEAN_AR,INV-2026-CLEAN-AR-08,2026-03-09,AR,B2B,07AAACB2316A1ZL,Compliant Client 8 Pvt Ltd,Delhi,8409,Engine components supply per PO,85000.0,0.0,0.0,18.0,15300.0,100300.0,GENERATED,True,Fully compliant AR sales transaction
TEST-009,CLEAN_AR,INV-2026-CLEAN-AR-09,2026-03-10,AR,B2B,27AAACB2068A1ZE,Compliant Client 9 Pvt Ltd,Maharashtra,8409,Engine components supply per PO,90000.0,9.0,9.0,0.0,16200.0,106200.0,GENERATED,True,Fully compliant AR sales transaction
TEST-010,CLEAN_AR,INV-2026-CLEAN-AR-10,2026-03-11,AR,B2B,07AAACB5482A1ZH,Compliant Client 10 Pvt Ltd,Delhi,8409,Engine components supply per PO,95000.0,0.0,0.0,18.0,17100.0,112100.0,GENERATED,True,Fully compliant AR sales transaction
TEST-011,CLEAN_AP,INV-2026-CLEAN-AP-11,2026-03-02,AP,B2B,27AAACB6846A1Z0,Compliant Vendor 11 Pvt Ltd,Maharashtra,8483,Transmission shafts & gears purchase,74000.0,9.0,9.0,0.0,13320.0,87320.0,GENERATED,True,Fully compliant AP purchase transaction with eligible ITC
TEST-012,CLEAN_AP,INV-2026-CLEAN-AP-12,2026-03-03,AP,B2B,29AAACB5018A1ZE,Compliant Vendor 12 Pvt Ltd,Karnataka,8483,Transmission shafts & gears purchase,78000.0,0.0,0.0,18.0,14040.0,92040.0,GENERATED,True,Fully compliant AP purchase transaction with eligible ITC
TEST-013,CLEAN_AP,INV-2026-CLEAN-AP-13,2026-03-04,AP,B2B,27AAACB4647A1Z4,Compliant Vendor 13 Pvt Ltd,Maharashtra,8483,Transmission shafts & gears purchase,82000.0,9.0,9.0,0.0,14760.0,96760.0,GENERATED,True,Fully compliant AP purchase transaction with eligible ITC
TEST-014,CLEAN_AP,INV-2026-CLEAN-AP-14,2026-03-05,AP,B2B,29AAACB7913A1Z4,Compliant Vendor 14 Pvt Ltd,Karnataka,8483,Transmission shafts & gears purchase,86000.0,0.0,0.0,18.0,15480.0,101480.0,GENERATED,True,Fully compliant AP purchase transaction with eligible ITC
TEST-015,CLEAN_AP,INV-2026-CLEAN-AP-15,2026-03-06,AP,B2B,27AAACB7771A1Z8,Compliant Vendor 15 Pvt Ltd,Maharashtra,8483,Transmission shafts & gears purchase,90000.0,9.0,9.0,0.0,16200.0,106200.0,GENERATED,True,Fully compliant AP purchase transaction with eligible ITC
TEST-016,CLEAN_AP,INV-2026-CLEAN-AP-16,2026-03-07,AP,B2B,29AAACB8732A1Z7,Compliant Vendor 16 Pvt Ltd,Karnataka,8483,Transmission shafts & gears purchase,94000.0,0.0,0.0,18.0,16920.0,110920.0,GENERATED,True,Fully compliant AP purchase transaction with eligible ITC
TEST-017,CLEAN_AP,INV-2026-CLEAN-AP-17,2026-03-08,AP,B2B,27AAACB7177A1Z8,Compliant Vendor 17 Pvt Ltd,Maharashtra,8483,Transmission shafts & gears purchase,98000.0,9.0,9.0,0.0,17640.0,115640.0,GENERATED,True,Fully compliant AP purchase transaction with eligible ITC
TEST-018,CLEAN_AP,INV-2026-CLEAN-AP-18,2026-03-09,AP,B2B,29AAACB5762A1Z7,Compliant Vendor 18 Pvt Ltd,Karnataka,8483,Transmission shafts & gears purchase,102000.0,0.0,0.0,18.0,18360.0,120360.0,GENERATED,True,Fully compliant AP purchase transaction with eligible ITC
TEST-019,CLEAN_AP,INV-2026-CLEAN-AP-19,2026-03-10,AP,B2B,27AAACB5429A1Z5,Compliant Vendor 19 Pvt Ltd,Maharashtra,8483,Transmission shafts & gears purchase,106000.0,9.0,9.0,0.0,19080.0,125080.0,GENERATED,True,Fully compliant AP purchase transaction with eligible ITC
TEST-020,CLEAN_AP,INV-2026-CLEAN-AP-20,2026-03-11,AP,B2B,29AAACB7712A1ZA,Compliant Vendor 20 Pvt Ltd,Karnataka,8483,Transmission shafts & gears purchase,110000.0,0.0,0.0,18.0,19800.0,129800.0,GENERATED,True,Fully compliant AP purchase transaction with eligible ITC
TEST-021,GATE1_GSTIN_FAIL,INV-2026-GSTIN-01,2026-03-02,AR,B2B,27INVALID12345,Faulty GSTIN Entity 21,Maharashtra,8409,Engine spares,40000.0,9.0,9.0,0.0,7200.0,47200.0,,True,Format Error: 14 chars
TEST-022,GATE1_GSTIN_FAIL,INV-2026-GSTIN-02,2026-03-03,AR,B2B,27AAACB1234A1Z@,Faulty GSTIN Entity 22,Maharashtra,8409,Engine spares,40000.0,9.0,9.0,0.0,7200.0,47200.0,,True,Format Error: Special character @
TEST-023,GATE1_GSTIN_FAIL,INV-2026-GSTIN-03,2026-03-04,AR,B2B,27aaacb1234a1zj,Faulty GSTIN Entity 23,Maharashtra,8409,Engine spares,40000.0,9.0,9.0,0.0,7200.0,47200.0,,True,Format Warning: Lowercase letters
TEST-024,GATE1_GSTIN_FAIL,INV-2026-GSTIN-04,2026-03-05,AR,B2B,27AAACB1234A1Z9,Faulty GSTIN Entity 24,Maharashtra,8409,Engine spares,40000.0,9.0,9.0,0.0,7200.0,47200.0,,True,Checksum Error: Invalid Luhn mod-36 checksum
TEST-025,GATE1_GSTIN_FAIL,INV-2026-GSTIN-05,2026-03-06,AR,B2B,07AAACB1234A1ZJ,Faulty GSTIN Entity 25,Maharashtra,8409,Engine spares,40000.0,9.0,9.0,0.0,7200.0,47200.0,,True,State Mismatch: GSTIN prefix 07 (Delhi) but POS Maharashtra
TEST-026,GATE1_GSTIN_FAIL,INV-2026-GSTIN-06,2026-03-07,AR,B2B,99AAACB1234A1ZJ,Faulty GSTIN Entity 26,Maharashtra,8409,Engine spares,40000.0,9.0,9.0,0.0,7200.0,47200.0,,True,Invalid State Code: State prefix 99 unassigned
TEST-027,GATE1_GSTIN_FAIL,INV-2026-GSTIN-07,2026-03-08,AR,B2B,00AAACB1234A1ZJ,Faulty GSTIN Entity 27,Maharashtra,8409,Engine spares,40000.0,9.0,9.0,0.0,7200.0,47200.0,,True,Invalid State Code: State prefix 00 unassigned
TEST-028,GATE1_GSTIN_FAIL,INV-2026-GSTIN-08,2026-03-09,AR,B2B,27AAAAA0000A1Z1,Faulty GSTIN Entity 28,Maharashtra,8409,Engine spares,40000.0,9.0,9.0,0.0,7200.0,47200.0,,True,Checksum Failure: Dummy PAN digits
TEST-029,GATE1_GSTIN_FAIL,INV-2026-GSTIN-09,2026-03-10,AR,B2B,33AAACT1111C1Z9,Faulty GSTIN Entity 29,Maharashtra,8409,Engine spares,40000.0,9.0,9.0,0.0,7200.0,47200.0,,True,Checksum Error: Bad check digit 9 instead of 3
TEST-030,GATE1_GSTIN_FAIL,INV-2026-GSTIN-10,2026-03-01,AR,B2B,24AAACG9999X1Z0,Faulty GSTIN Entity 30,Maharashtra,8409,Engine spares,40000.0,9.0,9.0,0.0,7200.0,47200.0,,True,Checksum Error: Bad checksum 0
TEST-031,GATE1_GSTIN_FAIL,INV-2026-GSTIN-11,2026-03-02,AR,B2B,27AAACB1234A1,Faulty GSTIN Entity 31,Maharashtra,8409,Engine spares,40000.0,9.0,9.0,0.0,7200.0,47200.0,,True,Truncated GSTIN: 13 chars
TEST-032,GATE1_GSTIN_FAIL,INV-2026-GSTIN-12,2026-03-03,AR,B2B,27AAACB1234A1ZJ999,Faulty GSTIN Entity 32,Maharashtra,8409,Engine spares,40000.0,9.0,9.0,0.0,7200.0,47200.0,,True,Overlength GSTIN: 18 chars
TEST-033,GATE1_GSTIN_FAIL,INV-2026-GSTIN-13,2026-03-04,AR,B2B,27 GSTIN 1234567,Faulty GSTIN Entity 33,Maharashtra,8409,Engine spares,40000.0,9.0,9.0,0.0,7200.0,47200.0,,True,Spaces in GSTIN string
TEST-034,GATE1_GSTIN_FAIL,INV-2026-GSTIN-14,2026-03-05,AR,B2B,27-AAACB-1234-A1ZJ,Faulty GSTIN Entity 34,Maharashtra,8409,Engine spares,40000.0,9.0,9.0,0.0,7200.0,47200.0,,True,Dashes in GSTIN string
TEST-035,GATE1_GSTIN_FAIL,INV-2026-GSTIN-15,2026-03-06,AR,B2B,27AAACB1234A1Z5,Faulty GSTIN Entity 35,Maharashtra,8409,Engine spares,40000.0,9.0,9.0,0.0,7200.0,47200.0,,True,Valid GSTIN format but unassigned entity code
TEST-036,GATE2_HSN_FAIL,INV-2026-HSN-01,2026-03-07,AR,B2B,27AAACB8149A1Z6,HSN Test Entity 36,Maharashtra,0000,Specialty hardware component,35000.0,9.0,9.0,0.0,6300.0,41300.0,,True,Unlisted HSN code 0000
TEST-037,GATE2_HSN_FAIL,INV-2026-HSN-02,2026-03-08,AR,B2B,27AAACB7151A1ZM,HSN Test Entity 37,Maharashtra,99999999,Specialty hardware component,35000.0,9.0,9.0,0.0,6300.0,41300.0,,True,Non-existent HSN code 99999999
TEST-038,GATE2_HSN_PASS,INV-2026-HSN-03,2026-03-09,AR,B2B,27AAACB8707A1Z2,HSN Test Entity 38,Maharashtra,ABCD,Specialty hardware component,35000.0,9.0,9.0,0.0,6300.0,41300.0,,True,Alphanumeric invalid HSN string
TEST-039,GATE2_HSN_FAIL,INV-2026-HSN-04,2026-03-10,AR,B2B,27AAACB6054A1ZJ,HSN Test Entity 39,Maharashtra,,Specialty hardware component,35000.0,9.0,9.0,0.0,6300.0,41300.0,,True,Missing HSN code (Empty)
TEST-040,GATE2_HSN_PASS,INV-2026-HSN-05,2026-03-01,AR,B2B,27AAACB4505A1ZE,HSN Test Entity 40,Maharashtra,123,Specialty hardware component,35000.0,9.0,9.0,0.0,6300.0,41300.0,,True,Short 3-digit HSN code
TEST-041,GATE2_HSN_PASS,INV-2026-HSN-06,2026-03-02,AR,B2B,27AAACB9534A1Z8,HSN Test Entity 41,Maharashtra,9983,Specialty hardware component,35000.0,9.0,9.0,0.0,6300.0,41300.0,,True,Valid SAC 9983 Service HSN
TEST-042,GATE2_HSN_PASS,INV-2026-HSN-07,2026-03-03,AR,B2B,27AAACB9494A1Z4,HSN Test Entity 42,Maharashtra,9954,Specialty hardware component,35000.0,9.0,9.0,0.0,6300.0,41300.0,,True,Valid SAC 9954 Construction HSN
TEST-043,GATE2_HSN_PASS,INV-2026-HSN-08,2026-03-04,AR,B2B,27AAACB5797A1ZW,HSN Test Entity 43,Maharashtra,8708,Specialty hardware component,35000.0,9.0,9.0,0.0,6300.0,41300.0,,True,Valid Goods HSN 8708 (28% GST)
TEST-044,GATE2_HSN_PASS,INV-2026-HSN-09,2026-03-05,AR,B2B,27AAACB9779A1ZQ,HSN Test Entity 44,Maharashtra,000000,Specialty hardware component,35000.0,9.0,9.0,0.0,6300.0,41300.0,,True,Zero HSN 6-digit
TEST-045,GATE2_HSN_FAIL,INV-2026-HSN-10,2026-03-06,AR,B2B,27AAACB9608A1Z1,HSN Test Entity 45,Maharashtra,9999,Specialty hardware component,35000.0,9.0,9.0,0.0,6300.0,41300.0,,True,Unlisted 4-digit HSN 9999
TEST-046,GATE3_TAX_FAIL,INV-2026-TAX-01,2026-03-07,AR,B2B,27AAACB1220A1ZV,Tax Test Entity 46,Maharashtra,8409,Valves & Pistons,50000.0,14.0,14.0,0.0,14000.0,64000.0,GENERATED,True,Overcharged Tax Rate: 14% CGST + 14% SGST (28%) instead of 18% for HSN 8409
TEST-047,GATE3_TAX_FAIL,INV-2026-TAX-02,2026-03-08,AR,B2B,07AAACB6448A1Z8,Tax Test Entity 47,Delhi,8409,Valves & Pistons,50000.0,4.0,4.0,0.0,4000.0,54000.0,GENERATED,True,Undercharged Tax Rate: 4% CGST + 4% SGST (8%) instead of 18% for HSN 8409
TEST-048,GATE3_TAX_FAIL,INV-2026-TAX-03,2026-03-09,AR,B2B,27AAACB5000A1ZX,Tax Test Entity 48,Maharashtra,8409,Valves & Pistons,50000.0,0.0,0.0,18.0,9000.0,59000.0,GENERATED,True,Tax Type Mismatch: IGST charged on Intra-state Maharashtra transaction
TEST-049,GATE3_TAX_FAIL,INV-2026-TAX-04,2026-03-10,AR,B2B,07AAACB9770A1ZC,Tax Test Entity 49,Delhi,8409,Valves & Pistons,50000.0,9.0,9.0,18.0,18000.0,68000.0,GENERATED,True,Double Tax Mismatch: Charged CGST + SGST AND IGST together
TEST-050,GATE3_TAX_FAIL,INV-2026-TAX-05,2026-03-01,AR,B2B,27AAACB5682A1Z9,Tax Test Entity 50,Maharashtra,8409,Valves & Pistons,50000.0,0.0,0.0,0.0,0.0,50000.0,GENERATED,True,Zero Tax Charged on Taxable B2B Goods
TEST-051,GATE3_TAX_PASS,INV-2026-TAX-06,2026-03-02,AR,B2B,07AAACB4387A1ZA,Tax Test Entity 51,Delhi,8409,Valves & Pistons,50000.0,14.0,14.0,0.0,14000.0,64000.0,GENERATED,True,Wrong Tax Rate on 18% item
TEST-052,GATE3_TAX_FAIL,INV-2026-TAX-07,2026-03-03,AR,B2B,27AAACB9327A1Z7,Tax Test Entity 52,Maharashtra,8409,Valves & Pistons,50000.0,9.0,0.0,0.0,4500.0,54500.0,GENERATED,True,Asymmetric CGST without SGST
TEST-053,GATE3_TAX_FAIL,INV-2026-TAX-08,2026-03-04,AR,B2B,07AAACB2494A1ZF,Tax Test Entity 53,Delhi,8409,Valves & Pistons,50000.0,0.0,9.0,0.0,4500.0,54500.0,GENERATED,True,Asymmetric SGST without CGST
TEST-054,GATE3_TAX_PASS,INV-2026-TAX-09,2026-03-05,AR,B2B,27AAACB1250A1ZS,Tax Test Entity 54,Maharashtra,8409,Valves & Pistons,50000.0,9.0,9.0,0.0,9000.0,59000.0,GENERATED,True,Tax Math Rounding Error (Manual Override)
TEST-055,GATE3_TAX_FAIL,INV-2026-TAX-10,2026-03-06,AR,B2B,07AAACB9579A1ZY,Tax Test Entity 55,Delhi,8409,Valves & Pistons,50000.0,18.0,18.0,0.0,18000.0,68000.0,GENERATED,True,Excessive 36% Tax Charged
TEST-056,GATE3_TAX_PASS,INV-2026-TAX-11,2026-03-07,AR,B2B,27AAACB2005A1ZQ,Tax Test Entity 56,Maharashtra,8409,Valves & Pistons,50000.0,9.0,9.0,0.0,9000.0,59000.0,GENERATED,True,Correct Rate - Valid Baseline
TEST-057,GATE3_TAX_FAIL,INV-2026-TAX-12,2026-03-08,AR,B2B,07AAACB8001A1ZW,Tax Test Entity 57,Delhi,8409,Valves & Pistons,50000.0,0.0,0.0,28.0,14000.0,64000.0,GENERATED,True,Overcharged 28% IGST on 18% item
TEST-058,GATE3_TAX_FAIL,INV-2026-TAX-13,2026-03-09,AR,B2B,27AAACB4869A1ZU,Tax Test Entity 58,Maharashtra,8409,Valves & Pistons,50000.0,6.0,6.0,0.0,6000.0,56000.0,GENERATED,True,Undercharged 12% on 18% item
TEST-059,GATE3_TAX_FAIL,INV-2026-TAX-14,2026-03-10,AR,B2B,07AAACB5846A1Z5,Tax Test Entity 59,Delhi,8409,Valves & Pistons,50000.0,9.0,9.0,0.0,9000.0,59000.0,GENERATED,True,Calculated Tax Amount Mismatch
TEST-060,GATE3_TAX_PASS,INV-2026-TAX-15,2026-03-01,AR,B2B,27AAACB5142A1ZN,Tax Test Entity 60,Maharashtra,8409,Valves & Pistons,50000.0,0.0,0.0,18.0,9000.0,59000.0,GENERATED,True,Interstate IGST 18% Valid
TEST-061,GATE4_POS_FAIL,INV-2026-POS-01,2026-03-02,AR,B2B,07AAACB6150A1ZT,POS Test Entity 61,Karnataka,8409,Crankshaft assemblies,60000.0,9.0,9.0,0.0,10800.0,70800.0,GENERATED,True,POS Mismatch: POS Karnataka but intra-state CGST+SGST charged with Delhi GSTIN
TEST-062,GATE4_POS_PASS,INV-2026-POS-02,2026-03-03,AR,B2B,27AAACB8832A1Z7,POS Test Entity 62,Tamil Nadu,8409,Crankshaft assemblies,60000.0,0.0,0.0,18.0,10800.0,70800.0,GENERATED,True,Inter-state IGST correctly applied for MH -> TN
TEST-063,GATE4_POS_PASS,INV-2026-POS-03,2026-03-04,AR,B2B,29AAACB4499A1ZX,POS Test Entity 63,Maharashtra,8409,Crankshaft assemblies,60000.0,9.0,9.0,0.0,10800.0,70800.0,GENERATED,True,Intra-state CGST+SGST charged for KA GSTIN in MH POS
TEST-064,GATE4_POS_FAIL,INV-2026-POS-04,2026-03-05,AR,B2B,27AAACB1653A1ZE,POS Test Entity 64,Gujarat,8409,Crankshaft assemblies,60000.0,9.0,9.0,0.0,10800.0,70800.0,GENERATED,True,Wrong POS: Intra-state tax charged on Gujarat POS
TEST-065,GATE4_POS_PASS,INV-2026-POS-05,2026-03-06,AR,B2B,07AAACB6862A1ZA,POS Test Entity 65,Delhi,8409,Crankshaft assemblies,60000.0,9.0,9.0,0.0,10800.0,70800.0,GENERATED,True,Delhi Intra-state CGST+SGST Valid
TEST-066,GATE4_POS_PASS,INV-2026-POS-06,2026-03-07,AR,B2B,24AAACB3005A1ZS,POS Test Entity 66,SEZ Unit Gujarat,8409,Crankshaft assemblies,60000.0,0.0,0.0,0.0,0.0,60000.0,GENERATED,True,SEZ Zero-rated export supply under LUT
TEST-067,GATE4_POS_PASS,INV-2026-POS-07,2026-03-08,AR,B2B,27AAACB6123A1ZM,POS Test Entity 67,SEZ Unit Maharashtra,8409,Crankshaft assemblies,60000.0,0.0,0.0,18.0,10800.0,70800.0,GENERATED,True,SEZ supply with IGST payment
TEST-068,GATE4_POS_FAIL,INV-2026-POS-08,2026-03-09,AR,B2B,19AAACB9486A1Z1,POS Test Entity 68,West Bengal,8409,Crankshaft assemblies,60000.0,9.0,9.0,0.0,10800.0,70800.0,GENERATED,True,Wrong POS: CGST+SGST charged on WB recipient
TEST-069,GATE4_POS_PASS,INV-2026-POS-09,2026-03-10,AR,B2B,32AAACB8082A1ZL,POS Test Entity 69,Kerala,8409,Crankshaft assemblies,60000.0,0.0,0.0,18.0,10800.0,70800.0,GENERATED,True,Inter-state IGST 18% Valid
TEST-070,GATE4_POS_FAIL,INV-2026-POS-10,2026-03-01,AR,B2B,06AAACB6006A1ZP,POS Test Entity 70,Haryana,8409,Crankshaft assemblies,60000.0,9.0,9.0,0.0,10800.0,70800.0,GENERATED,True,Wrong POS: CGST+SGST on Haryana recipient
TEST-071,GATE5_EWAY_FAIL,INV-2026-EWAY-01,2026-03-02,AR,B2B,27AAACB3974A1Z2,E-Way Bill Test Entity 71,Maharashtra,8409,Industrial machinery parts,120000.0,9.0,9.0,0.0,21600.0,141600.0,PENDING,True,"E-Way Bill Missing: Invoice > Rs 50,000 but EWB is PENDING"
TEST-072,GATE5_EWAY_FAIL,INV-2026-EWAY-02,2026-03-03,AR,B2B,27AAACB8858A1ZT,E-Way Bill Test Entity 72,Maharashtra,8409,Industrial machinery parts,85000.0,9.0,9.0,0.0,15300.0,100300.0,CANCELLED,True,"E-Way Bill Cancelled: Invoice > Rs 50,000 but EWB status CANCELLED"
TEST-073,GATE5_EWAY_FAIL,INV-2026-EWAY-03,2026-03-04,AR,B2B,27AAACB9621A1ZD,E-Way Bill Test Entity 73,Maharashtra,8409,Industrial machinery parts,95000.0,9.0,9.0,0.0,17100.0,112100.0,EXPIRED,True,E-Way Bill Expired: Transit time exceeded
TEST-074,GATE5_EWAY_FAIL,INV-2026-EWAY-04,2026-03-05,AR,B2B,27AAACB3520A1ZN,E-Way Bill Test Entity 74,Maharashtra,8409,Industrial machinery parts,150000.0,9.0,9.0,0.0,27000.0,177000.0,,True,E-Way Bill Missing: Empty EWB status on Rs 1.5 Lakh invoice
TEST-075,GATE5_EWAY_PASS,INV-2026-EWAY-05,2026-03-06,AR,B2B,27AAACB4698A1ZX,E-Way Bill Test Entity 75,Maharashtra,8409,Industrial machinery parts,42000.0,9.0,9.0,0.0,7560.0,49560.0,,True,"Compliant: Invoice < Rs 50,000 no EWB required"
TEST-076,GATE5_EWAY_PASS,INV-2026-EWAY-06,2026-03-07,AR,B2B,27AAACB8764A1Z2,E-Way Bill Test Entity 76,Maharashtra,8409,Industrial machinery parts,35000.0,9.0,9.0,0.0,6300.0,41300.0,GENERATED,True,Compliant: Voluntary EWB below threshold
TEST-077,GATE5_EWAY_PASS,INV-2026-EWAY-07,2026-03-08,AR,B2B,27AAACB1968A1ZX,E-Way Bill Test Entity 77,Maharashtra,8409,Industrial machinery parts,250000.0,9.0,9.0,0.0,45000.0,295000.0,GENERATED,True,Compliant: Valid EWB on high-value transaction
TEST-078,GATE5_EWAY_FAIL,INV-2026-EWAY-08,2026-03-09,AR,B2B,27AAACB3553A1ZE,E-Way Bill Test Entity 78,Maharashtra,8409,Industrial machinery parts,55000.0,9.0,9.0,0.0,9900.0,64900.0,PENDING,True,"E-Way Bill Missing on Rs 55,000 invoice"
TEST-079,GATE5_EWAY_FAIL,INV-2026-EWAY-09,2026-03-10,AR,B2B,27AAACB7610A1ZI,E-Way Bill Test Entity 79,Maharashtra,8409,Industrial machinery parts,65000.0,9.0,9.0,0.0,11700.0,76700.0,REJECTED,True,E-Way Bill Rejected by recipient
TEST-080,GATE5_EWAY_PASS,INV-2026-EWAY-10,2026-03-01,AR,B2B,27AAACB4490A1ZH,E-Way Bill Test Entity 80,Maharashtra,8409,Industrial machinery parts,75000.0,9.0,9.0,0.0,13500.0,88500.0,GENERATED,True,"Compliant: Valid EWB on Rs 75,000 invoice"
TEST-081,GATE6_ITC_BLOCKED,INV-2026-ITC-01,2026-03-02,AP,B2B,27AAACB7529A1Z1,ITC Supplier Entity 81,Maharashtra,9983,Annual employee welfare outdoor catering and beverages,45000.0,9.0,9.0,0.0,8100.0,53100.0,,True,ITC Blocked: Section 17(5) Outdoor Catering & Food Beverages
TEST-082,GATE6_ITC_BLOCKED,INV-2026-ITC-02,2026-03-03,AP,B2B,27AAACB5743A1Z9,ITC Supplier Entity 82,Maharashtra,9983,Motor vehicle sedan purchase for executive transport,45000.0,9.0,9.0,0.0,8100.0,53100.0,,True,ITC Blocked: Section 17(5) Motor Vehicles & Conveyance
TEST-083,GATE6_ITC_BLOCKED,INV-2026-ITC-03,2026-03-04,AP,B2B,27AAACB9319A1Z4,ITC Supplier Entity 83,Maharashtra,9983,Employee group health insurance policy premium,45000.0,9.0,9.0,0.0,8100.0,53100.0,,True,ITC Blocked: Section 17(5) Health & Life Insurance
TEST-084,GATE6_ITC_BLOCKED,INV-2026-ITC-04,2026-03-05,AP,B2B,27AAACB1881A1ZB,ITC Supplier Entity 84,Maharashtra,9983,Executive golf club membership fee,45000.0,9.0,9.0,0.0,8100.0,53100.0,,True,ITC Blocked: Section 17(5) Club Membership
TEST-085,GATE6_ITC_BLOCKED,INV-2026-ITC-05,2026-03-06,AP,B2B,27AAACB9457A1Z2,ITC Supplier Entity 85,Maharashtra,9983,Office building expansion works contract services,45000.0,9.0,9.0,0.0,8100.0,53100.0,,True,ITC Blocked: Section 17(5) Works Contract for Immovable Property
TEST-086,GATE6_ITC_BLOCKED,INV-2026-ITC-06,2026-03-07,AP,B2B,27AAACB4701A1ZI,ITC Supplier Entity 86,Maharashtra,9983,Diwali gift hampers and personal consumption items for staff,45000.0,9.0,9.0,0.0,8100.0,53100.0,,True,ITC Blocked: Section 17(5) Personal Consumption Gifts
TEST-087,GATE6_ITC_BLOCKED,INV-2026-ITC-07,2026-03-08,AP,B2B,27AAACB3785A1Z3,ITC Supplier Entity 87,Maharashtra,9983,Warehouse inventory loss write-off and destroyed goods,45000.0,9.0,9.0,0.0,8100.0,53100.0,,True,ITC Blocked: Section 17(5) Stolen / Destroyed / Written-off Goods
TEST-088,GATE6_ITC_BLOCKED,INV-2026-ITC-08,2026-03-09,AP,B2B,27AAACB8122A1ZM,ITC Supplier Entity 88,Maharashtra,8409,Raw steel plates and sheet metal,45000.0,9.0,9.0,0.0,8100.0,53100.0,,False,ITC Disallowed: Inward invoice NOT reflected in GSTR-2B
TEST-089,GATE6_ITC_BLOCKED,INV-2026-ITC-09,2026-03-10,AP,B2B,27AAACB9629A1ZX,ITC Supplier Entity 89,Maharashtra,9983,Electrical wiring cables for factory machinery,45000.0,9.0,9.0,0.0,8100.0,53100.0,,False,ITC Disallowed: Supplier did not file GSTR-1 (GSTR-2B missing)
TEST-090,GATE6_ITC_ELIGIBLE,INV-2026-ITC-10,2026-03-01,AP,B2B,27AAACB6675A1Z3,ITC Supplier Entity 90,Maharashtra,8409,Raw aluminium ingots for manufacturing,45000.0,9.0,9.0,0.0,8100.0,53100.0,,True,ITC Eligible: Valid GSTR-2B reflected business input
TEST-091,DEDUP_EXACT_ORIG,INV-2026-DUP-100,2026-03-15,AR,B2B,27AAACB5275A1ZC,Dup Transactor Ltd,Maharashtra,8409,Piston rings batch,50000.0,9.0,9.0,0.0,9000.0,59000.0,GENERATED,True,Original Invoice for Exact Duplicate Test
TEST-092,DEDUP_EXACT_CLONE,INV-2026-DUP-100,2026-03-15,AR,B2B,27AAACB5275A1ZC,Dup Transactor Ltd,Maharashtra,8409,Piston rings batch,50000.0,9.0,9.0,0.0,9000.0,59000.0,GENERATED,True,"EXACT DUPLICATE: Same Invoice No, Date, Amount, GSTIN"
TEST-093,DEDUP_FUZZY_ORIG,INV/2026/DUP-200,2026-03-16,AR,B2B,27AAACB5275A1ZC,Dup Transactor Ltd,Maharashtra,8409,Engine bearings batch,75000.0,9.0,9.0,0.0,13500.0,88500.0,GENERATED,True,Original Invoice for Fuzzy Duplicate Test
TEST-094,DEDUP_FUZZY_CLONE,INV 2026 DUP 200,2026-03-16,AR,B2B,27AAACB5275A1ZC,Dup Transactor Ltd,Maharashtra,8409,Engine bearings batch,75000.0,9.0,9.0,0.0,13500.0,88500.0,GENERATED,True,FUZZY DUPLICATE: Minor syntax variation (spaces vs slashes)
TEST-095,ANOMALY_SPLIT_INVOICE,INV-2026-SPLIT-01,2026-03-17,AR,B2B,27AAACB5275A1ZC,Smurfing Buyer Corp,Maharashtra,8409,Split Part A supply,48000.0,9.0,9.0,0.0,8640.0,56640.0,,True,SPLIT INVOICE (Smurfing): 1 of 3 invoices under 50k on same date to bypass EWB
TEST-096,ANOMALY_HIGH_VALUE,INV-2026-OUTLIER-01,2026-03-18,AR,B2B,27AAACB6847A1ZY,Mega Infra Corp,Maharashtra,8409,Turnkey power plant turbine supply,12500000.0,9.0,9.0,0.0,2250000.0,14750000.0,GENERATED,True,EXTREME HIGH VALUE ANOMALY: Taxable value Rs 1.25 Crore
TEST-097,ANOMALY_ROUND_NUMBER,INV-2026-ROUND-01,2026-03-19,AR,B2B,27AAACB9105A1ZH,Round Figure Traders,Maharashtra,8409,Consultancy and equipment bulk round payment,5000000.0,9.0,9.0,0.0,900000.0,5900000.0,GENERATED,True,"ROUND FIGURE CLUSTERING ANOMALY: Exactly Rs 50,00,000.00"
TEST-098,ANOMALY_FUTURE_DATE,INV-2026-DATE-01,2027-12-31,AR,B2B,27AAACB9171A1ZI,Future Date Transactor,Maharashtra,8409,Pre-dated advance invoice,60000.0,9.0,9.0,0.0,10800.0,70800.0,GENERATED,True,UNUSUAL DATE ANOMALY: Invoice date far in future (2027)
TEST-099,ANOMALY_SPLIT_02,INV-2026-SPLIT-02,2026-03-17,AR,B2B,27AAACB5275A1ZC,Smurfing Buyer Corp,Maharashtra,8409,Split Part B supply,49000.0,9.0,9.0,0.0,8820.0,57820.0,,True,SPLIT INVOICE (Smurfing): 2 of 3 invoices under 50k on same date
TEST-100,ANOMALY_SPLIT_03,INV-2026-SPLIT-03,2026-03-17,AR,B2B,27AAACB5275A1ZC,Smurfing Buyer Corp,Maharashtra,8409,Split Part C supply,47500.0,9.0,9.0,0.0,8550.0,56050.0,,True,SPLIT INVOICE (Smurfing): 3 of 3 invoices under 50k on same date
